Workbook

Sheet START
A1: OSTROVIT CREW | Content & Community Growth
A5: POMYSŁ BIZNESOWY
A7: Problem | B7: Jak budować dodatkowy popyt i retencję przez treści oraz relacje między klientami?
A9: Rozwiązanie | B9: 3 prowadzących + YouTube + Instagram + społeczność, w której klienci pomagają klientom.
A11: Główna hipoteza | B11: Inicjatywa może zwiększać zasięg, polecenia i dodatkowe zakupy, ale jej rentowność wymaga testu.
A13: 5-letni horyzont | B13: 2027 uruchomienie → 2028 aktywizacja → 2029 polecenia → 2030 skalowanie → 2031 ocena.
A15: Co to za dane? | B15: Historia zakupów: sztuczna. Lata 2027–2031: warunkowa symulacja, NIE prognoza OstroVit.
A17: Teoria gier | B17: Powtarzane interakcje, reputacja i wzajemność mogą zachęcać do wzajemnej pomocy.
A19: Ważne ograniczenie | B19: Oglądalność ≠ unikalni odbiorcy ≠ rozpoznawalność marki ≠ dodatkowa sprzedaż.

Sheet DASHBOARD
A1: OSTROVIT CREW | Dashboard 2027–2031
A3: Pięcioletnia symulacja • wybierz wariant w B6 • wyniki PLN • nie jest prognozą
A5: Wybrany scenariusz
B6: Base
A8: Przychód dodatkowy | B8: Koszt programu | C8: Dodatkowy zysk | D8: ROI
A9: =SUMIF(SCENARIUSZE!$A$6:$A$20,$B$6,SCENARIUSZE!$L$6:$L$20) -> 4180500 | B9: =SUMIF(SCENARIUSZE!$A$6:$A$20,$B$6,SCENARIUSZE!$N$6:$N$20) -> 2380000 | C9: =SUMIF(SCENARIUSZE!$A$6:$A$20,$B$6,SCENARIUSZE!$O$6:$O$20) -> -1125850 | D9: =IFERROR(C9/B9,0) -> -0.47304622
A12: Nowi klienci z poleceń | B12: Dodatkowe zamówienia | C12: Przychód do break-even* | D12: Zysk skumul. 2031
A13: =SUMIF(SCENARIUSZE!$A$6:$A$20,$B$6,SCENARIUSZE!$I$6:$I$20) -> 3500 | B13: =SUMIF(SCENARIUSZE!$A$6:$A$20,$B$6,SCENARIUSZE!$K$6:$K$20) -> 27870 | C13: =IFERROR(B9/ZALOZENIA!$B$12,0) -> 7933333.3 | D13: =SUMIF(SCENARIUSZE!$A$6:$A$20,$B$6,SCENARIUSZE!$O$6:$O$20) -> -1125850
A16: ROK PO ROKU | wybrany scenariusz
A17: Rok | B17: Przychód | C17: Koszt | D17: Zysk | E17: Zysk skumulowany
A18: 2027 | B18: =SUMIFS(SCENARIUSZE!$L$6:$L$20,SCENARIUSZE!$A$6:$A$20,$B$6,SCENARIUSZE!$B$6:$B$20,$A18) -> 90000 | C18: =SUMIFS(SCENARIUSZE!$N$6:$N$20,SCENARIUSZE!$A$6:$A$20,$B$6,SCENARIUSZE!$B$6:$B$20,$A18) -> 446000 | D18: =SUMIFS(SCENARIUSZE!$O$6:$O$20,SCENARIUSZE!$A$6:$A$20,$B$6,SCENARIUSZE!$B$6:$B$20,$A18) -> -419000 | E18: =SUM($D$18:D18) -> -419000
A19: 2028 | B19: =SUMIFS(SCENARIUSZE!$L$6:$L$20,SCENARIUSZE!$A$6:$A$20,$B$6,SCENARIUSZE!$B$6:$B$20,$A19) -> 288000 | C19: =SUMIFS(SCENARIUSZE!$N$6:$N$20,SCENARIUSZE!$A$6:$A$20,$B$6,SCENARIUSZE!$B$6:$B$20,$A19) -> 436000 | D19: =SUMIFS(SCENARIUSZE!$O$6:$O$20,SCENARIUSZE!$A$6:$A$20,$B$6,SCENARIUSZE!$B$6:$B$20,$A19) -> -349600 | E19: =SUM($D$18:D19) -> -768600
A20: 2029 | B20: =SUMIFS(SCENARIUSZE!$L$6:$L$20,SCENARIUSZE!$A$6:$A$20,$B$6,SCENARIUSZE!$B$6:$B$20,$A20) -> 652500 | C20: =SUMIFS(SCENARIUSZE!$N$6:$N$20,SCENARIUSZE!$A$6:$A$20,$B$6,SCENARIUSZE!$B$6:$B$20,$A20) -> 466000 | D20: =SUMIFS(SCENARIUSZE!$O$6:$O$20,SCENARIUSZE!$A$6:$A$20,$B$6,SCENARIUSZE!$B$6:$B$20,$A20) -> -270250 | E20: =SUM($D$18:D20) -> -1038850
A21: 2030 | B21: =SUMIFS(SCENARIUSZE!$L$6:$L$20,SCENARIUSZE!$A$6:$A$20,$B$6,SCENARIUSZE!$B$6:$B$20,$A21) -> 1192500 | C21: =SUMIFS(SCENARIUSZE!$N$6:$N$20,SCENARIUSZE!$A$6:$A$20,$B$6,SCENARIUSZE!$B$6:$B$20,$A21) -> 496000 | D21: =SUMIFS(SCENARIUSZE!$O$6:$O$20,SCENARIUSZE!$A$6:$A$20,$B$6,SCENARIUSZE!$B$6:$B$20,$A21) -> -138250 | E21: =SUM($D$18:D21) -> -1177100
A22: 2031 | B22: =SUMIFS(SCENARIUSZE!$L$6:$L$20,SCENARIUSZE!$A$6:$A$20,$B$6,SCENARIUSZE!$B$6:$B$20,$A22) -> 1957500 | C22: =SUMIFS(SCENARIUSZE!$N$6:$N$20,SCENARIUSZE!$A$6:$A$20,$B$6,SCENARIUSZE!$B$6:$B$20,$A22) -> 536000 | D22: =SUMIFS(SCENARIUSZE!$O$6:$O$20,SCENARIUSZE!$A$6:$A$20,$B$6,SCENARIUSZE!$B$6:$B$20,$A22) -> 51250 | E22: =SUM($D$18:D22) -> -1125850
A35: POMIAR MARKETINGOWY | zasięg to nie świadomość marki
A36: Rok | B36: YouTube wyświetlenia | C36: Instagram zasięg | D36: Członkowie społeczności
A37: 2027 | B37: =SUMIFS(SCENARIUSZE!$C$6:$C$20,SCENARIUSZE!$A$6:$A$20,$B$6,SCENARIUSZE!$B$6:$B$20,$A37) -> 600000 | C37: =SUMIFS(SCENARIUSZE!$D$6:$D$20,SCENARIUSZE!$A$6:$A$20,$B$6,SCENARIUSZE!$B$6:$B$20,$A37) -> 300000 | D37: =SUMIFS(SCENARIUSZE!$E$6:$E$20,SCENARIUSZE!$A$6:$A$20,$B$6,SCENARIUSZE!$B$6:$B$20,$A37) -> 1000
A38: 2028 | B38: =SUMIFS(SCENARIUSZE!$C$6:$C$20,SCENARIUSZE!$A$6:$A$20,$B$6,SCENARIUSZE!$B$6:$B$20,$A38) -> 1800000 | C38: =SUMIFS(SCENARIUSZE!$D$6:$D$20,SCENARIUSZE!$A$6:$A$20,$B$6,SCENARIUSZE!$B$6:$B$20,$A38) -> 800000 | D38: =SUMIFS(SCENARIUSZE!$E$6:$E$20,SCENARIUSZE!$A$6:$A$20,$B$6,SCENARIUSZE!$B$6:$B$20,$A38) -> 4000
A39: 2029 | B39: =SUMIFS(SCENARIUSZE!$C$6:$C$20,SCENARIUSZE!$A$6:$A$20,$B$6,SCENARIUSZE!$B$6:$B$20,$A39) -> 4000000 | C39: =SUMIFS(SCENARIUSZE!$D$6:$D$20,SCENARIUSZE!$A$6:$A$20,$B$6,SCENARIUSZE!$B$6:$B$20,$A39) -> 1500000 | D39: =SUMIFS(SCENARIUSZE!$E$6:$E$20,SCENARIUSZE!$A$6:$A$20,$B$6,SCENARIUSZE!$B$6:$B$20,$A39) -> 10000
A40: 2030 | B40: =SUMIFS(SCENARIUSZE!$C$6:$C$20,SCENARIUSZE!$A$6:$A$20,$B$6,SCENARIUSZE!$B$6:$B$20,$A40) -> 7000000 | C40: =SUMIFS(SCENARIUSZE!$D$6:$D$20,SCENARIUSZE!$A$6:$A$20,$B$6,SCENARIUSZE!$B$6:$B$20,$A40) -> 2500000 | D40: =SUMIFS(SCENARIUSZE!$E$6:$E$20,SCENARIUSZE!$A$6:$A$20,$B$6,SCENARIUSZE!$B$6:$B$20,$A40) -> 20000
A41: 2031 | B41: =SUMIFS(SCENARIUSZE!$C$6:$C$20,SCENARIUSZE!$A$6:$A$20,$B$6,SCENARIUSZE!$B$6:$B$20,$A41) -> 11000000 | C41: =SUMIFS(SCENARIUSZE!$D$6:$D$20,SCENARIUSZE!$A$6:$A$20,$B$6,SCENARIUSZE!$B$6:$B$20,$A41) -> 4000000 | D41: =SUMIFS(SCENARIUSZE!$E$6:$E$20,SCENARIUSZE!$A$6:$A$20,$B$6,SCENARIUSZE!$B$6:$B$20,$A41) -> 35000

Sheet ZALOZENIA
A1: ZAŁOŻENIA
A5: Parametr | B5: Wartość | C5: Jednostka | D5: Co oznacza / źródło
A6: Liczba prowadzących | B6: 3 | C6: osoby | D6: Założenie autorskie: trener, ekspert, community lead
A7: Pełny koszt jednej osoby / mies. | B7: 8000 | C7: PLN | D7: Założenie autorskie; całkowity koszt, nie pensja netto
A8: Produkcja filmów / mies. | B8: 5000 | C8: PLN | D8: Założenie autorskie: nagranie, montaż, grafika
A9: Promocja / mies. | B9: 3000 | C9: PLN | D9: Założenie autorskie: płatna dystrybucja treści
A10: Narzędzia i moderacja / mies. | B10: 1000 | C10: PLN | D10: Założenie autorskie: oprogramowanie i moderacja
A11: Średnia wartość zamówienia | B11: 150 | C11: PLN | D11: Założenie modelowe; nie jest prognozą firmy
A12: Marża kontrybucyjna | B12: 0.3 | C12: % | D12: Założenie modelowe po kosztach zmiennych sprzedaży
A13: CTR YouTube → sklep | B13: 0.02 | C13: % | D13: Hipotetyczny odsetek wyświetleń prowadzących do wizyty
A14: CTR Instagram → sklep | B14: 0.01 | C14: % | D14: Hipotetyczny odsetek zasięgu prowadzący do wizyty
A15: Konwersja wizyt → zamówienia | B15: 0.03 | C15: % | D15: Hipotetyczny odsetek wizyt zakończonych zakupem
A16: Koszt startowy w 2027 | B16: 40000 | C16: PLN | D16: Wyposażenie i uruchomienie; jednorazowo
A17: Współczynnik kosztów / Low | B17: 0.9 | C17: x | D17: Model scenariuszowy, założenie
... A34: Nowi klienci z polecenia/osobę / High | B34: 0.08 | C34: kl./rok | D34: Zakładamy 1 pierwsze zamówienie na klienta
A37: Założenia nie pochodzą z rachunków firmy ani badań rynku. Zmiana wartości w kolumnie B aktualizuje modele i wykresy po przeliczeniu Excela.

Sheet PLAN_5_LAT
A1: PLAN 2027–2031 | baza roczna
A3: Wszystkie wartości w tej tabeli są przykładowymi założeniami, nie statystykami OstroVit
A5: Rok | B5: YouTube: wyświetlenia | C5: Instagram: zasięg* | D5: Członkowie community | E5: Wydarzenia / rok (PLN) | F5: Etap rozwoju | G5: KPI decyzyjny
A6: 2027 | B6: 600000 | C6: 300000 | D6: 1000 | E6: 10000 | F6: Start: 3 prowadzących i kanały | G6: Jakość treści + koszt wizyty
A7: 2028 | B7: 1800000 | C7: 800000 | D7: 4000 | E7: 40000 | F7: Wyzwania + spotkania + moderacja | G7: Aktywni członkowie
A8: 2029 | B8: 4000000 | C8: 1500000 | D8: 10000 | E8: 70000 | F8: Polecenia + test sprzedaży | G8: Zakupy przyrostowe
A9: 2030 | B9: 7000000 | C9: 2500000 | D9: 20000 | E9: 100000 | F9: Skalowanie formatów i wydarzeń | G9: Zysk na członka
A10: 2031 | B10: 11000000 | C10: 4000000 | D10: 35000 | E10: 140000 | F10: Ocena zwrotu z inwestycji | G10: Skumulowany ROI
A13: *Zasięg IG i wyświetlenia YT nie są unikalnymi osobami. Dodatkowe zamówienia z kanałów i poleceń modelujemy jako rozłączne, aby uniknąć podwójnego liczenia.
A16: PLAN DZIAŁAŃ W SKRÓCIE
A18: 2027 | B18: Opracuj pilotaż, zatrudnij trzy osoby i uruchom regularne publikacje.
A19: 2028 | B19: Rozwijaj moderowane community: pomaganie innym, wyzwania, spotkania.
A20: 2029 | B20: Wprowadź mierzalne polecenia; oddziel sprzedaż przypisaną od przyrostowej.
A21: 2030 | B21: Skaluj wyłącznie formaty, których efekty i koszty zostały zweryfikowane.
A22: 2031 | B22: Oceń pięcioletni zwrot oraz decyzję: rozwój, modyfikacja lub ograniczenie.

Sheet SCENARIUSZE
A1: SCENARIUSZE | 3 warianty × 5 lat
A3: Formuły łączą zasięg, CTR, konwersję, klientów z poleceń, zakupy przyrostowe oraz pełne koszty
A5: Scenariusz | B5: Rok | C5: YT wyświetlenia | D5: IG zasięg | E5: Członkowie | F5: Wizyty YT | G5: Wizyty IG | H5: Zam. z treści | I5: Nowi z poleceń | J5: Dodatk. zam. community | K5: Zamówienia łącznie | L5: Przychód dod. (PLN) | M5: Kontrybucja (PLN) | N5: Koszt programu (PLN) | O5: Zysk dod. (PLN) | P5: ROI | Q5: Zysk skumul. (PLN) | R5: Próg przychodu (PLN) | S5: Wymagane zamówienia | T5: Wizyty razem
A6: Low | B6: 2027 | C6: =PLAN_5_LAT!B6*ZALOZENIA!$B$20 -> 360000 | D6: =PLAN_5_LAT!C6*ZALOZENIA!$B$20 -> 180000 | E6: =PLAN_5_LAT!D6*ZALOZENIA!$B$23 -> 600 | F6: =C6*ZALOZENIA!$B$13*ZALOZENIA!$B$26 -> 5400 | G6: =D6*ZALOZENIA!$B$14*ZALOZENIA!$B$26 -> 1350 | H6: =(F6+G6)*ZALOZENIA!$B$15*ZALOZENIA!$B$26 -> 151.875 | I6: =E6*ZALOZENIA!$B$32 -> 12 | J6: =E6*ZALOZENIA!$B$29 -> 30 | K6: =SUM(H6:J6) -> 193.875 | L6: =K6*ZALOZENIA!$B$11 -> 29081.25 | M6: =L6*ZALOZENIA!$B$12 -> 8724.375 | N6: =((ZALOZENIA!$B$6*ZALOZENIA!$B$7+ZALOZENIA!$B$8+ZALOZENIA!$B$9+ZALOZENIA!$B$10)*12+PLAN_5_LAT!E6+IF(B6=2027,ZALOZENIA!$B$16,0))*ZALOZENIA!$B$17 -> 401400 | O6: =M6-N6 -> -392675.62 | P6: =IFERROR(O6/N6,0) -> -0.97826513 | Q6: =SUM($O$6:O6) -> -392675.62 | R6: =IFERROR(N6/ZALOZENIA!$B$12,0) -> 1338000 | S6: =IFERROR(R6/ZALOZENIA!$B$11,0) -> 8920 | T6: =SUM(F6:G6) -> 6750
A7: Low | B7: 2028 | C7: =PLAN_5_LAT!B7*ZALOZENIA!$B$20 -> 1080000 | D7: =PLAN_5_LAT!C7*ZALOZENIA!$B$20 -> 480000 | E7: =PLAN_5_LAT!D7*ZALOZENIA!$B$23 -> 2400 | F7: =C7*ZALOZENIA!$B$13*ZALOZENIA!$B$26 -> 16200 | G7: =D7*ZALOZENIA!$B$14*ZALOZENIA!$B$26 -> 3600 | H7: =(F7+G7)*ZALOZENIA!$B$15*ZALOZENIA!$B$26 -> 445.5 | I7: =E7*ZALOZENIA!$B$32 -> 48 | J7: =E7*ZALOZENIA!$B$29 -> 120 | K7: =SUM(H7:J7) -> 613.5 | L7: =K7*ZALOZENIA!$B$11 -> 92025 | M7: =L7*ZALOZENIA!$B$12 -> 27607.5 | N7: =((ZALOZENIA!$B$6*ZALOZENIA!$B$7+ZALOZENIA!$B$8+ZALOZENIA!$B$9+ZALOZENIA!$B$10)*12+PLAN_5_LAT!E7+IF(B7=2027,ZALOZENIA!$B$16,0))*ZALOZENIA!$B$17 -> 392400 | O7: =M7-N7 -> -364792.5 | P7: =IFERROR(O7/N7,0) -> -0.9296445 | Q7: =SUM($O$6:O7) -> -757468.12 | R7: =IFERROR(N7/ZALOZENIA!$B$12,0) -> 1308000 | S7: =IFERROR(R7/ZALOZENIA!$B$11,0) -> 8720 | T7: =SUM(F7:G7) -> 19800
A8: Low | B8: 2029 | C8: =PLAN_5_LAT!B8*ZALOZENIA!$B$20 -> 2400000 | D8: =PLAN_5_LAT!C8*ZALOZENIA!$B$20 -> 900000 | E8: =PLAN_5_LAT!D8*ZALOZENIA!$B$23 -> 6000 | F8: =C8*ZALOZENIA!$B$13*ZALOZENIA!$B$26 -> 36000 | G8: =D8*ZALOZENIA!$B$14*ZALOZENIA!$B$26 -> 6750 | H8: =(F8+G8)*ZALOZENIA!$B$15*ZALOZENIA!$B$26 -> 961.875 | I8: =E8*ZALOZENIA!$B$32 -> 120 | J8: =E8*ZALOZENIA!$B$29 -> 300 | K8: =SUM(H8:J8) -> 1381.875 | L8: =K8*ZALOZENIA!$B$11 -> 207281.25 | M8: =L8*ZALOZENIA!$B$12 -> 62184.375 | N8: =((ZALOZENIA!$B$6*ZALOZENIA!$B$7+ZALOZENIA!$B$8+ZALOZENIA!$B$9+ZALOZENIA!$B$10)*12+PLAN_5_LAT!E8+IF(B8=2027,ZALOZENIA!$B$16,0))*ZALOZENIA!$B$17 -> 419400 | O8: =M8-N8 -> -357215.62 | P8: =IFERROR(O8/N8,0) -> -0.85173015 | Q8: =SUM($O$6:O8) -> -1114683.8 | R8: =IFERROR(N8/ZALOZENIA!$B$12,0) -> 1398000 | S8: =IFERROR(R8/ZALOZENIA!$B$11,0) -> 9320 | T8: =SUM(F8:G8) -> 42750
A9: Low | B9: 2030 | C9: =PLAN_5_LAT!B9*ZALOZENIA!$B$20 -> 4200000 | D9: =PLAN_5_LAT!C9*ZALOZENIA!$B$20 -> 1500000 | E9: =PLAN_5_LAT!D9*ZALOZENIA!$B$23 -> 12000 | F9: =C9*ZALOZENIA!$B$13*ZALOZENIA!$B$26 -> 63000 | G9: =D9*ZALOZENIA!$B$14*ZALOZENIA!$B$26 -> 11250 | H9: =(F9+G9)*ZALOZENIA!$B$15*ZALOZENIA!$B$26 -> 1670.625 | I9: =E9*ZALOZENIA!$B$32 -> 240 | J9: =E9*ZALOZENIA!$B$29 -> 600 | K9: =SUM(H9:J9) -> 2510.625 | L9: =K9*ZALOZENIA!$B$11 -> 376593.75 | M9: =L9*ZALOZENIA!$B$12 -> 112978.12 | N9: =((ZALOZENIA!$B$6*ZALOZENIA!$B$7+ZALOZENIA!$B$8+ZALOZENIA!$B$9+ZALOZENIA!$B$10)*12+PLAN_5_LAT!E9+IF(B9=2027,ZALOZENIA!$B$16,0))*ZALOZENIA!$B$17 -> 446400 | O9: =M9-N9 -> -333421.88 | P9: =IFERROR(O9/N9,0) -> -0.7469128 | Q9: =SUM($O$6:O9) -> -1448105.6 | R9: =IFERROR(N9/ZALOZENIA!$B$12,0) -> 1488000 | S9: =IFERROR(R9/ZALOZENIA!$B$11,0) -> 9920 | T9: =SUM(F9:G9) -> 74250
A10: Low | B10: 2031 | C10: =PLAN_5_LAT!B10*ZALOZENIA!$B$20 -> 6600000 | D10: =PLAN_5_LAT!C10*ZALOZENIA!$B$20 -> 2400000 | E10: =PLAN_5_LAT!D10*ZALOZENIA!$B$23 -> 21000 | F10: =C10*ZALOZENIA!$B$13*ZALOZENIA!$B$26 -> 99000 | G10: =D10*ZALOZENIA!$B$14*ZALOZENIA!$B$26 -> 18000 | H10: =(F10+G10)*ZALOZENIA!$B$15*ZALOZENIA!$B$26 -> 2632.5 | I10: =E10*ZALOZENIA!$B$32 -> 420 | J10: =E10*ZALOZENIA!$B$29 -> 1050 | K10: =SUM(H10:J10) -> 4102.5 | L10: =K10*ZALOZENIA!$B$11 -> 615375 | M10: =L10*ZALOZENIA!$B$12 -> 184612.5 | N10: =((ZALOZENIA!$B$6*ZALOZENIA!$B$7+ZALOZENIA!$B$8+ZALOZENIA!$B$9+ZALOZENIA!$B$10)*12+PLAN_5_LAT!E10+IF(B10=2027,ZALOZENIA!$B$16,0))*ZALOZENIA!$B$17 -> 482400 | O10: =M10-N10 -> -297787.5 | P10: =IFERROR(O10/N10,0) -> -0.6173041 | Q10: =SUM($O$6:O10) -> -1745893.1 | R10: =IFERROR(N10/ZALOZENIA!$B$12,0) -> 1608000 | S10: =IFERROR(R10/ZALOZENIA!$B$11,0) -> 10720 | T10: =SUM(F10:G10) -> 117000
A11: Base | B11: 2027 | C11: =PLAN_5_LAT!B6*ZALOZENIA!$B$21 -> 600000 | D11: =PLAN_5_LAT!C6*ZALOZENIA!$B$21 -> 300000 | E11: =PLAN_5_LAT!D6*ZALOZENIA!$B$24 -> 1000 | F11: =C11*ZALOZENIA!$B$13*ZALOZENIA!$B$27 -> 12000 | G11: =D11*ZALOZENIA!$B$14*ZALOZENIA!$B$27 -> 3000 | H11: =(F11+G11)*ZALOZENIA!$B$15*ZALOZENIA!$B$27 -> 450 | I11: =E11*ZALOZENIA!$B$33 -> 50 | J11: =E11*ZALOZENIA!$B$30 -> 100 | K11: =SUM(H11:J11) -> 600 | L11: =K11*ZALOZENIA!$B$11 -> 90000 | M11: =L11*ZALOZENIA!$B$12 -> 27000 | N11: =((ZALOZENIA!$B$6*ZALOZENIA!$B$7+ZALOZENIA!$B$8+ZALOZENIA!$B$9+ZALOZENIA!$B$10)*12+PLAN_5_LAT!E6+IF(B11=2027,ZALOZENIA!$B$16,0))*ZALOZENIA!$B$18 -> 446000 | O11: =M11-N11 -> -419000 | P11: =IFERROR(O11/N11,0) -> -0.93946188 | Q11: =SUM($O$11:O11) -> -419000 | R11: =IFERROR(N11/ZALOZENIA!$B$12,0) -> 1486666.7 | S11: =IFERROR(R11/ZALOZENIA!$B$11,0) -> 9911.1111 | T11: =SUM(F11:G11) -> 15000
A12: Base | B12: 2028 | C12: =PLAN_5_LAT!B7*ZALOZENIA!$B$21 -> 1800000 | D12: =PLAN_5_LAT!C7*ZALOZENIA!$B$21 -> 800000 | E12: =PLAN_5_LAT!D7*ZALOZENIA!$B$24 -> 4000 | F12: =C12*ZALOZENIA!$B$13*ZALOZENIA!$B$27 -> 36000 | G12: =D12*ZALOZENIA!$B$14*ZALOZENIA!$B$27 -> 8000 | H12: =(F12+G12)*ZALOZENIA!$B$15*ZALOZENIA!$B$27 -> 1320 | I12: =E12*ZALOZENIA!$B$33 -> 200 | J12: =E12*ZALOZENIA!$B$30 -> 400 | K12: =SUM(H12:J12) -> 1920 | L12: =K12*ZALOZENIA!$B$11 -> 288000 | M12: =L12*ZALOZENIA!$B$12 -> 86400 | N12: =((ZALOZENIA!$B$6*ZALOZENIA!$B$7+ZALOZENIA!$B$8+ZALOZENIA!$B$9+ZALOZENIA!$B$10)*12+PLAN_5_LAT!E7+IF(B12=2027,ZALOZENIA!$B$16,0))*ZALOZENIA!$B$18 -> 436000 | O12: =M12-N12 -> -349600 | P12: =IFERROR(O12/N12,0) -> -0.80183486 | Q12: =SUM($O$11:O12) -> -768600 | R12: =IFERROR(N12/ZALOZENIA!$B$12,0) -> 1453333.3 | S12: =IFERROR(R12/ZALOZENIA!$B$11,0) -> 9688.8889 | T12: =SUM(F12:G12) -> 44000
A13: Base | B13: 2029 | C13: =PLAN_5_LAT!B8*ZALOZENIA!$B$21 -> 4000000 | D13: =PLAN_5_LAT!C8*ZALOZENIA!$B$21 -> 1500000 | E13: =PLAN_5_LAT!D8*ZALOZENIA!$B$24 -> 10000 | F13: =C13*ZALOZENIA!$B$13*ZALOZENIA!$B$27 -> 80000 | G13: =D13*ZALOZENIA!$B$14*ZALOZENIA!$B$27 -> 15000 | H13: =(F13+G13)*ZALOZENIA!$B$15*ZALOZENIA!$B$27 -> 2850 | I13: =E13*ZALOZENIA!$B$33 -> 500 | J13: =E13*ZALOZENIA!$B$30 -> 1000 | K13: =SUM(H13:J13) -> 4350 | L13: =K13*ZALOZENIA!$B$11 -> 652500 | M13: =L13*ZALOZENIA!$B$12 -> 195750 | N13: =((ZALOZENIA!$B$6*ZALOZENIA!$B$7+ZALOZENIA!$B$8+ZALOZENIA!$B$9+ZALOZENIA!$B$10)*12+PLAN_5_LAT!E8+IF(B13=2027,ZALOZENIA!$B$16,0))*ZALOZENIA!$B$18 -> 466000 | O13: =M13-N13 -> -270250 | P13: =IFERROR(O13/N13,0) -> -0.57993562 | Q13: =SUM($O$11:O13) -> -1038850 | R13: =IFERROR(N13/ZALOZENIA!$B$12,0) -> 1553333.3 | S13: =IFERROR(R13/ZALOZENIA!$B$11,0) -> 10355.556 | T13: =SUM(F13:G13) -> 95000
A14: Base | B14: 2030 | C14: =PLAN_5_LAT!B9*ZALOZENIA!$B$21 -> 7000000 | D14: =PLAN_5_LAT!C9*ZALOZENIA!$B$21 -> 2500000 | E14: =PLAN_5_LAT!D9*ZALOZENIA!$B$24 -> 20000 | F14: =C14*ZALOZENIA!$B$13*ZALOZENIA!$B$27 -> 140000 | G14: =D14*ZALOZENIA!$B$14*ZALOZENIA!$B$27 -> 25000 | H14: =(F14+G14)*ZALOZENIA!$B$15*ZALOZENIA!$B$27 -> 4950 | I14: =E14*ZALOZENIA!$B$33 -> 1000 | J14: =E14*ZALOZENIA!$B$30 -> 2000 | K14: =SUM(H14:J14) -> 7950 | L14: =K14*ZALOZENIA!$B$11 -> 1192500 | M14: =L14*ZALOZENIA!$B$12 -> 357750 | N14: =((ZALOZENIA!$B$6*ZALOZENIA!$B$7+ZALOZENIA!$B$8+ZALOZENIA!$B$9+ZALOZENIA!$B$10)*12+PLAN_5_LAT!E9+IF(B14=2027,ZALOZENIA!$B$16,0))*ZALOZENIA!$B$18 -> 496000 | O14: =M14-N14 -> -138250 | P14: =IFERROR(O14/N14,0) -> -0.27872984 | Q14: =SUM($O$11:O14) -> -1177100 | R14: =IFERROR(N14/ZALOZENIA!$B$12,0) -> 1653333.3 | S14: =IFERROR(R14/ZALOZENIA!$B$11,0) -> 11022.222 | T14: =SUM(F14:G14) -> 165000
A15: Base | B15: 2031 | C15: =PLAN_5_LAT!B10*ZALOZENIA!$B$21 -> 11000000 | D15: =PLAN_5_LAT!C10*ZALOZENIA!$B$21 -> 4000000 | E15: =PLAN_5_LAT!D10*ZALOZENIA!$B$24 -> 35000 | F15: =C15*ZALOZENIA!$B$13*ZALOZENIA!$B$27 -> 220000 | G15: =D15*ZALOZENIA!$B$14*ZALOZENIA!$B$27 -> 40000 | H15: =(F15+G15)*ZALOZENIA!$B$15*ZALOZENIA!$B$27 -> 7800 | I15: =E15*ZALOZENIA!$B$33 -> 1750 | J15: =E15*ZALOZENIA!$B$30 -> 3500 | K15: =SUM(H15:J15) -> 13050 | L15: =K15*ZALOZENIA!$B$11 -> 1957500 | M15: =L15*ZALOZENIA!$B$12 -> 587250 | N15: =((ZALOZENIA!$B$6*ZALOZENIA!$B$7+ZALOZENIA!$B$8+ZALOZENIA!$B$9+ZALOZENIA!$B$10)*12+PLAN_5_LAT!E10+IF(B15=2027,ZALOZENIA!$B$16,0))*ZALOZENIA!$B$18 -> 536000 | O15: =M15-N15 -> 51250 | P15: =IFERROR(O15/N15,0) -> 0.095615672 | Q15: =SUM($O$11:O15) -> -1125850 | R15: =IFERROR(N15/ZALOZENIA!$B$12,0) -> 1786666.7 | S15: =IFERROR(R15/ZALOZENIA!$B$11,0) -> 11911.111 | T15: =SUM(F15:G15) -> 260000
A16: High | B16: 2027 | C16: =PLAN_5_LAT!B6*ZALOZENIA!$B$22 -> 960000 | D16: =PLAN_5_LAT!C6*ZALOZENIA!$B$22 -> 480000 | E16: =PLAN_5_LAT!D6*ZALOZENIA!$B$25 -> 1500 | F16: =C16*ZALOZENIA!$B$13*ZALOZENIA!$B$28 -> 23040 | G16: =D16*ZALOZENIA!$B$14*ZALOZENIA!$B$28 -> 5760 | H16: =(F16+G16)*ZALOZENIA!$B$15*ZALOZENIA!$B$28 -> 1036.8 | I16: =E16*ZALOZENIA!$B$34 -> 120 | J16: =E16*ZALOZENIA!$B$31 -> 210 | K16: =SUM(H16:J16) -> 1366.8 | L16: =K16*ZALOZENIA!$B$11 -> 205020 | M16: =L16*ZALOZENIA!$B$12 -> 61506 | N16: =((ZALOZENIA!$B$6*ZALOZENIA!$B$7+ZALOZENIA!$B$8+ZALOZENIA!$B$9+ZALOZENIA!$B$10)*12+PLAN_5_LAT!E6+IF(B16=2027,ZALOZENIA!$B$16,0))*ZALOZENIA!$B$19 -> 526280 | O16: =M16-N16 -> -464774 | P16: =IFERROR(O16/N16,0) -> -0.88313065 | Q16: =SUM($O$16:O16) -> -464774 | R16: =IFERROR(N16/ZALOZENIA!$B$12,0) -> 1754266.7 | S16: =IFERROR(R16/ZALOZENIA!$B$11,0) -> 11695.111 | T16: =SUM(F16:G16) -> 28800
A17: High | B17: 2028 | C17: =PLAN_5_LAT!B7*ZALOZENIA!$B$22 -> 2880000 | D17: =PLAN_5_LAT!C7*ZALOZENIA!$B$22 -> 1280000 | E17: =PLAN_5_LAT!D7*ZALOZENIA!$B$25 -> 6000 | F17: =C17*ZALOZENIA!$B$13*ZALOZENIA!$B$28 -> 69120 | G17: =D17*ZALOZENIA!$B$14*ZALOZENIA!$B$28 -> 15360 | H17: =(F17+G17)*ZALOZENIA!$B$15*ZALOZENIA!$B$28 -> 3041.28 | I17: =E17*ZALOZENIA!$B$34 -> 480 | J17: =E17*ZALOZENIA!$B$31 -> 840 | K17: =SUM(H17:J17) -> 4361.28 | L17: =K17*ZALOZENIA!$B$11 -> 654192 | M17: =L17*ZALOZENIA!$B$12 -> 196257.6 | N17: =((ZALOZENIA!$B$6*ZALOZENIA!$B$7+ZALOZENIA!$B$8+ZALOZENIA!$B$9+ZALOZENIA!$B$10)*12+PLAN_5_LAT!E7+IF(B17=2027,ZALOZENIA!$B$16,0))*ZALOZENIA!$B$19 -> 514480 | O17: =M17-N17 -> -318222.4 | P17: =IFERROR(O17/N17,0) -> -0.61853211 | Q17: =SUM($O$16:O17) -> -782996.4 | R17: =IFERROR(N17/ZALOZENIA!$B$12,0) -> 1714933.3 | S17: =IFERROR(R17/ZALOZENIA!$B$11,0) -> 11432.889 | T17: =SUM(F17:G17) -> 84480
A18: High | B18: 2029 | C18: =PLAN_5_LAT!B8*ZALOZENIA!$B$22 -> 6400000 | D18: =PLAN_5_LAT!C8*ZALOZENIA!$B$22 -> 2400000 | E18: =PLAN_5_LAT!D8*ZALOZENIA!$B$25 -> 15000 | F18: =C18*ZALOZENIA!$B$13*ZALOZENIA!$B$28 -> 153600 | G18: =D18*ZALOZENIA!$B$14*ZALOZENIA!$B$28 -> 28800 | H18: =(F18+G18)*ZALOZENIA!$B$15*ZALOZENIA!$B$28 -> 6566.4 | I18: =E18*ZALOZENIA!$B$34 -> 1200 | J18: =E18*ZALOZENIA!$B$31 -> 2100 | K18: =SUM(H18:J18) -> 9866.4 | L18: =K18*ZALOZENIA!$B$11 -> 1479960 | M18: =L18*ZALOZENIA!$B$12 -> 443988 | N18: =((ZALOZENIA!$B$6*ZALOZENIA!$B$7+ZALOZENIA!$B$8+ZALOZENIA!$B$9+ZALOZENIA!$B$10)*12+PLAN_5_LAT!E8+IF(B18=2027,ZALOZENIA!$B$16,0))*ZALOZENIA!$B$19 -> 549880 | O18: =M18-N18 -> -105892 | P18: =IFERROR(O18/N18,0) -> -0.19257293 | Q18: =SUM($O$16:O18) -> -888888.4 | R18: =IFERROR(N18/ZALOZENIA!$B$12,0) -> 1832933.3 | S18: =IFERROR(R18/ZALOZENIA!$B$11,0) -> 12219.556 | T18: =SUM(F18:G18) -> 182400
A19: High | B19: 2030 | C19: =PLAN_5_LAT!B9*ZALOZENIA!$B$22 -> 11200000 | D19: =PLAN_5_LAT!C9*ZALOZENIA!$B$22 -> 4000000 | E19: =PLAN_5_LAT!D9*ZALOZENIA!$B$25 -> 30000 | F19: =C19*ZALOZENIA!$B$13*ZALOZENIA!$B$28 -> 268800 | G19: =D19*ZALOZENIA!$B$14*ZALOZENIA!$B$28 -> 48000 | H19: =(F19+G19)*ZALOZENIA!$B$15*ZALOZENIA!$B$28 -> 11404.8 | I19: =E19*ZALOZENIA!$B$34 -> 2400 | J19: =E19*ZALOZENIA!$B$31 -> 4200 | K19: =SUM(H19:J19) -> 18004.8 | L19: =K19*ZALOZENIA!$B$11 -> 2700720 | M19: =L19*ZALOZENIA!$B$12 -> 810216 | N19: =((ZALOZENIA!$B$6*ZALOZENIA!$B$7+ZALOZENIA!$B$8+ZALOZENIA!$B$9+ZALOZENIA!$B$10)*12+PLAN_5_LAT!E9+IF(B19=2027,ZALOZENIA!$B$16,0))*ZALOZENIA!$B$19 -> 585280 | O19: =M19-N19 -> 224936 | P19: =IFERROR(O19/N19,0) -> 0.38432203 | Q19: =SUM($O$16:O19) -> -663952.4 | R19: =IFERROR(N19/ZALOZENIA!$B$12,0) -> 1950933.3 | S19: =IFERROR(R19/ZALOZENIA!$B$11,0) -> 13006.222 | T19: =SUM(F19:G19) -> 316800
A20: High | B20: 2031 | C20: =PLAN_5_LAT!B10*ZALOZENIA!$B$22 -> 17600000 | D20: =PLAN_5_LAT!C10*ZALOZENIA!$B$22 -> 6400000 | E20: =PLAN_5_LAT!D10*ZALOZENIA!$B$25 -> 52500 | F20: =C20*ZALOZENIA!$B$13*ZALOZENIA!$B$28 -> 422400 | G20: =D20*ZALOZENIA!$B$14*ZALOZENIA!$B$28 -> 76800 | H20: =(F20+G20)*ZALOZENIA!$B$15*ZALOZENIA!$B$28 -> 17971.2 | I20: =E20*ZALOZENIA!$B$34 -> 4200 | J20: =E20*ZALOZENIA!$B$31 -> 7350 | K20: =SUM(H20:J20) -> 29521.2 | L20: =K20*ZALOZENIA!$B$11 -> 4428180 | M20: =L20*ZALOZENIA!$B$12 -> 1328454 | N20: =((ZALOZENIA!$B$6*ZALOZENIA!$B$7+ZALOZENIA!$B$8+ZALOZENIA!$B$9+ZALOZENIA!$B$10)*12+PLAN_5_LAT!E10+IF(B20=2027,ZALOZENIA!$B$16,0))*ZALOZENIA!$B$19 -> 632480 | O20: =M20-N20 -> 695974 | P20: =IFERROR(O20/N20,0) -> 1.1003889 | Q20: =SUM($O$16:O20) -> 32021.6 | R20: =IFERROR(N20/ZALOZENIA!$B$12,0) -> 2108266.7 | S20: =IFERROR(R20/ZALOZENIA!$B$11,0) -> 14055.111 | T20: =SUM(F20:G20) -> 499200
A23: Jak obliczyłem niektóre parametry: Przychód = (zamówienia z treści + pierwsi klienci z poleceń + dodatkowe zakupy członków) × koszyk. Wynik = przychód × marża kontrybucyjna − koszty programu.
A25: Wzrost rozpoznawalności NIE jest obliczany z wyświetleń: potrzebny byłby niezależny pomiar ankietowy. Model nie stanowi prognozy ani oszacowania wpływu przyczynowego.
L31: Rok | M31: Wizyty YT | N31: Wizyty IG
L32: 2027 | M32: 12000 | N32: 8000 | P32: Wzrost wizyt z YouTube i Instagrama wskazuje na rosnący wpływ treści na ruch w sklepie
L33: 2028 | M33: 36000 | N33: 16000 | P33: YouTube pozostaje głównym kanałem akwizycji, a Instagram wzmacnia efekt.”
L34: 2029 | M34: 80000 | N34: 30000
L35: 2030 | M35: 140000 | N35: 50000
L36: 2031 | M36: 220000 | N36: 80000

Sheet PROG_RENT
A1: PRÓG RENTOWNOŚCI | roczny i skumulowany
A3: Roczny break-even to nie to samo co zwrot całej inwestycji
A5: Wariant | B5: Rok | C5: Koszty (PLN) | D5: Próg przychodu (PLN) | E5: Przychód modelu (PLN) | F5: Nadwyżka / luka (PLN) | G5: Zysk roczny (PLN) | H5: Zysk skumulowany (PLN)
A6: =SCENARIUSZE!A6 -> Low | B6: =SCENARIUSZE!B6 -> 2027 | C6: =SCENARIUSZE!N6 -> 401400 | D6: =SCENARIUSZE!R6 -> 1338000 | E6: =SCENARIUSZE!L6 -> 29081.25 | F6: =E6-D6 -> -1308918.8 | G6: =SCENARIUSZE!O6 -> -392675.62 | H6: =SCENARIUSZE!Q6 -> -392675.62
A7: =SCENARIUSZE!A7 -> Low | B7: =SCENARIUSZE!B7 -> 2028 | C7: =SCENARIUSZE!N7 -> 392400 | D7: =SCENARIUSZE!R7 -> 1308000 | E7: =SCENARIUSZE!L7 -> 92025 | F7: =E7-D7 -> -1215975 | G7: =SCENARIUSZE!O7 -> -364792.5 | H7: =SCENARIUSZE!Q7 -> -757468.12
A8: =SCENARIUSZE!A8 -> Low | B8: =SCENARIUSZE!B8 -> 2029 | C8: =SCENARIUSZE!N8 -> 419400 | D8: =SCENARIUSZE!R8 -> 1398000 | E8: =SCENARIUSZE!L8 -> 207281.25 | F8: =E8-D8 -> -1190718.8 | G8: =SCENARIUSZE!O8 -> -357215.62 | H8: =SCENARIUSZE!Q8 -> -1114683.8
A9: =SCENARIUSZE!A9 -> Low | B9: =SCENARIUSZE!B9 -> 2030 | C9: =SCENARIUSZE!N9 -> 446400 | D9: =SCENARIUSZE!R9 -> 1488000 | E9: =SCENARIUSZE!L9 -> 376593.75 | F9: =E9-D9 -> -1111406.2 | G9: =SCENARIUSZE!O9 -> -333421.88 | H9: =SCENARIUSZE!Q9 -> -1448105.6
A10: =SCENARIUSZE!A10 -> Low | B10: =SCENARIUSZE!B10 -> 2031 | C10: =SCENARIUSZE!N10 -> 482400 | D10: =SCENARIUSZE!R10 -> 1608000 | E10: =SCENARIUSZE!L10 -> 615375 | F10: =E10-D10 -> -992625 | G10: =SCENARIUSZE!O10 -> -297787.5 | H10: =SCENARIUSZE!Q10 -> -1745893.1
A11: =SCENARIUSZE!A11 -> Base | B11: =SCENARIUSZE!B11 -> 2027 | C11: =SCENARIUSZE!N11 -> 446000 | D11: =SCENARIUSZE!R11 -> 1486666.7 | E11: =SCENARIUSZE!L11 -> 90000 | F11: =E11-D11 -> -1396666.7 | G11: =SCENARIUSZE!O11 -> -419000 | H11: =SCENARIUSZE!Q11 -> -419000
A12: =SCENARIUSZE!A12 -> Base | B12: =SCENARIUSZE!B12 -> 2028 | C12: =SCENARIUSZE!N12 -> 436000 | D12: =SCENARIUSZE!R12 -> 1453333.3 | E12: =SCENARIUSZE!L12 -> 288000 | F12: =E12-D12 -> -1165333.3 | G12: =SCENARIUSZE!O12 -> -349600 | H12: =SCENARIUSZE!Q12 -> -768600
A13: =SCENARIUSZE!A13 -> Base | B13: =SCENARIUSZE!B13 -> 2029 | C13: =SCENARIUSZE!N13 -> 466000 | D13: =SCENARIUSZE!R13 -> 1553333.3 | E13: =SCENARIUSZE!L13 -> 652500 | F13: =E13-D13 -> -900833.33 | G13: =SCENARIUSZE!O13 -> -270250 | H13: =SCENARIUSZE!Q13 -> -1038850
A14: =SCENARIUSZE!A14 -> Base | B14: =SCENARIUSZE!B14 -> 2030 | C14: =SCENARIUSZE!N14 -> 496000 | D14: =SCENARIUSZE!R14 -> 1653333.3 | E14: =SCENARIUSZE!L14 -> 1192500 | F14: =E14-D14 -> -460833.33 | G14: =SCENARIUSZE!O14 -> -138250 | H14: =SCENARIUSZE!Q14 -> -1177100
A15: =SCENARIUSZE!A15 -> Base | B15: =SCENARIUSZE!B15 -> 2031 | C15: =SCENARIUSZE!N15 -> 536000 | D15: =SCENARIUSZE!R15 -> 1786666.7 | E15: =SCENARIUSZE!L15 -> 1957500 | F15: =E15-D15 -> 170833.33 | G15: =SCENARIUSZE!O15 -> 51250 | H15: =SCENARIUSZE!Q15 -> -1125850
A16: =SCENARIUSZE!A16 -> High | B16: =SCENARIUSZE!B16 -> 2027 | C16: =SCENARIUSZE!N16 -> 526280 | D16: =SCENARIUSZE!R16 -> 1754266.7 | E16: =SCENARIUSZE!L16 -> 205020 | F16: =E16-D16 -> -1549246.7 | G16: =SCENARIUSZE!O16 -> -464774 | H16: =SCENARIUSZE!Q16 -> -464774
A17: =SCENARIUSZE!A17 -> High | B17: =SCENARIUSZE!B17 -> 2028 | C17: =SCENARIUSZE!N17 -> 514480 | D17: =SCENARIUSZE!R17 -> 1714933.3 | E17: =SCENARIUSZE!L17 -> 654192 | F17: =E17-D17 -> -1060741.3 | G17: =SCENARIUSZE!O17 -> -318222.4 | H17: =SCENARIUSZE!Q17 -> -782996.4
... A20: =SCENARIUSZE!A20 -> High | B20: =SCENARIUSZE!B20 -> 2031 | C20: =SCENARIUSZE!N20 -> 632480 | D20: =SCENARIUSZE!R20 -> 2108266.7 | E20: =SCENARIUSZE!L20 -> 4428180 | F20: =E20-D20 -> 2319913.3 | G20: =SCENARIUSZE!O20 -> 695974 | H20: =SCENARIUSZE!Q20 -> 32021.6
A23: Roczny próg przychodu = koszt programu / marża. Nadwyżka / luka to przychód ponad próg (lub poniżej progu), NIE zysk.
A25: Zwrot całej inwestycji następuje dopiero, gdy zysk skumulowany przekroczy zero. Wartości mogą pozostać ujemne przez całe pięć lat.

Sheet DANE_HISTORYCZNE
A1: SPRZEDAŻ HISTORYCZNA | dane są moje, nie są w 100% prawdziwe
A3: Obliczenia z orders.csv • zrealizowane zamówienia • nie są to dane rzeczywistej firmy
A5: Miesiąc | B5: Przychód (PLN) | C5: Zamówienia | D5: Kupujący unikalni | E5: Zam. z polecenia | F5: AOV (PLN)
A6: 2025-10 | B6: 7033.78 | C6: 72 | D6: 51 | E6: 8 | F6: =IFERROR(B6/C6,0) -> 97.691389
A7: 2025-11 | B7: 25158.22 | C7: 252 | D7: 142 | E7: 37 | F7: =IFERROR(B7/C7,0) -> 99.834206
A8: 2025-12 | B8: 43752.17 | C8: 450 | D8: 230 | E8: 56 | F8: =IFERROR(B8/C8,0) -> 97.227044
A9: 2026-01 | B9: 66627.98 | C9: 639 | D9: 330 | E9: 78 | F9: =IFERROR(B9/C9,0) -> 104.26914
A10: 2026-02 | B10: 70117.57 | C10: 728 | D10: 403 | E10: 78 | F10: =IFERROR(B10/C10,0) -> 96.315343
A11: 2026-03 | B11: 106681.49 | C11: 990 | D11: 487 | E11: 106 | F11: =IFERROR(B11/C11,0) -> 107.75908
A12: 2026-04 | B12: 115912.21 | C12: 1118 | D12: 569 | E12: 100 | F12: =IFERROR(B12/C12,0) -> 103.67818
A13: 2026-05 | B13: 135717.27 | C13: 1355 | D13: 674 | E13: 154 | F13: =IFERROR(B13/C13,0) -> 100.16035
A14: 2026-06 | B14: 152384.71 | C14: 1475 | D14: 745 | E14: 161 | F14: =IFERROR(B14/C14,0) -> 103.31167
A15: 2026-07 | B15: 162263.54 | C15: 1620 | D15: 817 | E15: 167 | F15: =IFERROR(B15/C15,0) -> 100.16268
A16: 2026-08 | B16: 181443.36 | C16: 1764 | D16: 857 | E16: 199 | F16: =IFERROR(B16/C16,0) -> 102.85905
A18: SUMA / cały okres | B18: =SUM(B6:B16) -> 1067092.3 | C18: =SUM(C6:C16) -> 10463 | E18: =SUM(E6:E16) -> 1144 | F18: =IFERROR(B18/C18,0) -> 101.98722
A21: Klienci powtarzają zakupy, więc miesięczne liczby kupujących nie zsumują się do unikalnej liczby klientów z całego okresu. AOV to średnia wartość całego zamówienia — patrzę na pełną kwotę, nie na liczbę produktów.

Sheet TEORIA_I_KPI
A1: DLACZEGO COMMUNITY? | teoria → hipotezy → pomiar
A3: Teoria gier daje uzasadnienie mechanizmów współpracy, Według mnie zgodność parametrów teorii gier może spowodować wzrost przychodów.
A5: Mechanizm | B5: Prosto wyjaśnione | C5: Co proponujemy | D5: Jak sprawdzimy?
A6: Gry powtarzane | B6: Widzimy się wiele razy, więc warto budować relację. | C6: Cykliczne treningi, cotygodniowe Q&A | D6: Odsetek powracających uczestników
A7: Wzajemność | B7: Dziś ja pomogę Tobie, jutro Ty możesz pomóc mnie. | C7: Forum pytań i odpowiedzi; pomoc nowym | D7: % pytań z pomocną odpowiedzią
A8: Reputacja | B8: Osoby pomagające innym zdobywają uznanie. | C8: Wyróżnienia za jakość, nie za spam | D8: Udział pomocnych członków / jakość odpowiedzi
A9: Dobro wspólne | B9: Każdy korzysta; bez wkładu członków wartość spada. | C9: Moderacja + zasady + łatwe zadawanie pytań | D9: Aktywność na osobę, odpowiedzi na pytania
A10: Potencjalny efekt sieciowy | B10: Nowi aktywni członkowie mogą dodawać wartość innym. | C10: Wspólne treningi, wyzwania, wydarzenia | D10: Retencja członków vs liczba aktywnych
A11: Hipoteza biznesowa | B11: Treści → społeczność → polecenia → zakupy. | C11: YT, Instagram, 3 prowadzących i community | D11: DODATKOWE zamówienia oraz dodatkowy zysk
A14: CO JEST POMIAREM, A CO NIE?
A16: Wyświetlenia / zasięg | B16: Miary ekspozycji. Nie są unikalnymi klientami ani świadomością marki.
A17: Świadomość marki | B17: Ankieta przed/po + grupa porównawcza; zmiana w punktach procentowych.
A18: Sprzedaż przypisana | B18: Kod lub UTM wskazuje ścieżkę; nie dowodzi dodatkowej sprzedaży.
A19: Efekt przyrostowy | B19: Porównanie z grupą kontrolną; pilotaż zaproszeń do community.
A20: Zdrowie i suplementacja | B20: Ekspert z kwalifikacjami; bez obiecywania skutków zdrowotnych.
